metric,value
test_acc,0.8082716204342915
test_f1,0.8056951429621134
